result_overall,microbe_gram,microbe_catcustom,microbe_spotf,count,gram,shape,groupings_old,groupings,pathogenicity,check,spof_unique,comment,
neg,,,,5278,other,other,negative,negative,none,,0,,
pos,Gram-positive,coagulase-negatieve staphylococcen,Staphylococcus epidermidis,1505,positive,cocci,cns,cns,low,,1,,
pos,Gram-positive,coagulase-negatieve staphylococcen,Staphylococcus hominis,557,positive,cocci,cns,cns,low,,1,,
pos,Gram-positive,,Enterococcus faecium,450,positive,cocci,entercoc_aerococ,entercoc_aerococ,medium,,1,,
pos,Gram-positive,,Staphylococcus aureus,330,positive,cocci,hospital_pathogens,hospital_pathogens,high,,1,,
pos,Gram-positive,coagulase-negatieve staphylococcen,Staphylococcus haemolyticus,315,positive,cocci,cns,cns,low,,1,,
pos,Gram-positive,,Enterococcus faecalis,225,positive,cocci,entercoc_aerococ,entercoc_aerococ,medium,,1,,
pos,Gram-negative,groep1 enterobacterales,Escherichia coli,198,negative,rods,enterobacterales,enterobacterales,high,,1,,
pos,Gram-positive,coagulase-negatieve staphylococcen,Staphylococcus capitis,111,positive,cocci,cns,cns,low,,1,,
pos,Gram-negative,,Pseudomonas aeruginosa,71,negative,rods,hospital_pathogens,hospital_pathogens,high,1,1,,
pos,Gram-negative,groep1 enterobacterales,Klebsiella pneumoniae,53,negative,rods,enterobacterales,enterobacterales,high,,1,,
pos,Gram-positive,,Staphylococcus aureus.,49,positive,cocci,hospital_pathogens,hospital_pathogens,high,,1,,
pos,,,Candida glabrata,46,other,other,candida,candida,other,0,2,,
pos,Gram-positive,,Streptococcus pneumoniae,45,positive,cocci,hospital_pathogens,community_pathogens,high,,1,,
pos,Gram-negative,,Stenotrophomonas maltophilia,41,negative,rods,hospital_pathogens,hospital_pathogens,high,1,1,hosp_path?,
pos,Gram-positive,Bacillus-achtigen,Bacillus cereus complex,38,positive,rods,coryneform_or_cutibacterium_or_bacillus_like,coryneform_or_cutibacterium_or_bacillus_like,low,,1,,
pos,Gram-negative,chromosomaal AmpC-producers,Enterobacter cloacae complex,38,negative,rods,enterobacterales,enterobacterales,high,,1,,
pos,,,Candida albicans,35,other,other,candida,candida,other,,1,,
pos,Gram-positive,Kweek beschouwen als negatief,Micrococcus luteus,30,variable,cocci,negative,negative,none,,1,,
pos,Gram-positive,Proprionibacterium & Cutibacterium,Propionibacterium acnes,26,positive,rods,coryneform_or_cutibacterium_or_bacillus_like,coryneform_or_cutibacterium_or_bacillus_like,low,,1,,
pos,Gram-positive,coagulase-negatieve staphylococcen,Staphylococcus pettenkoferi,26,positive,cocci,cns,cns,low,,1,,
pos,Gram-negative,groep1 enterobacterales,Proteus mirabilis,24,negative,rods,enterobacterales,enterobacterales,high,,1,,
pos,Gram-positive,viridans streptococcen (non-anginosus),Streptococcus mitis/oralis,24,positive,cocci,viridans,viridans,high,0,2,,
pos,Gram-negative,Anaeroben (behalve proprioni),Bacteroides fragilis,24,negative,rods,anaerobes_excl_cutibacterium,anaerobes_excl_cutibacterium,low,,1,,
pos,Gram-negative,chromosomaal AmpC-producers,Serratia marcescens,23,negative,rods,enterobacterales,enterobacterales,high,,1,,
pos,Gram-positive,viridans streptococcen (anginosus-groep),Streptococcus anginosus (S.milleri),21,positive,cocci,viridans,viridans,high,,1,,
pos,,,Candida krusei,18,other,other,candida,candida,other,,1,,
pos,Gram-positive,Anaeroben (behalve proprioni),Clostridium perfringens,15,positive,rods,anaerobes_excl_cutibacterium,anaerobes_excl_cutibacterium,low,,1,,
pos,Gram-negative,groep1 enterobacterales,Klebsiella oxytoca,14,negative,rods,enterobacterales,enterobacterales,high,,1,,
pos,Gram-negative,chromosomaal AmpC-producers,Enterobacter aerogenes,13,negative,rods,enterobacterales,enterobacterales,high,,1,,
pos,Gram-negative,Anaeroben (behalve proprioni),Bacteroides thetaiotaomicron,13,negative,rods,anaerobes_excl_cutibacterium,anaerobes_excl_cutibacterium,low,,1,,
pos,,,Candida parapsilosis,13,other,other,candida,candida,other,,1,,
pos,Gram-positive,viridans streptococcen (non-anginosus),Streptococcus parasanguinis,13,positive,cocci,viridans,viridans,high,,1,,
pos,Gram-positive,coagulase-negatieve staphylococcen,Staphylococcus warneri,13,positive,cocci,cns,cns,low,,1,,
pos,Gram-negative,chromosomaal AmpC-producers,Citrobacter freundii complex,12,negative,rods,enterobacterales,enterobacterales,high,,1,,
pos,Gram-positive,hemolytische streptococcen,Streptococcus pyogenes (groep A),12,positive,cocci,hospital_pathogens,hospital_pathogens,high,1,1,hosp_path?,
pos,Gram-positive,coagulase-negatieve staphylococcen,Staphylococcus lugdunensis,11,positive,cocci,cns,hospital_pathogens,high,,1,,
pos,Gram-positive,hemolytische streptococcen,Streptococcus agalactiae (groep B),11,positive,cocci,hospital_pathogens,hospital_pathogens,high,1,1,hosp_path?,
pos,Gram-positive,Coryneforme bacterieen,Corynebacterium species,11,positive,rods,coryneform_or_cutibacterium_or_bacillus_like,coryneform_or_cutibacterium_or_bacillus_like,low,,1,,
pos,Gram-positive,Coryneforme bacterieen,Corynebacterium jeikeium,11,positive,rods,coryneform_or_cutibacterium_or_bacillus_like,coryneform_or_cutibacterium_or_bacillus_like,low,,1,,
pos,Gram-positive,Bacillus-achtigen,Bacillus cereus,10,positive,rods,coryneform_or_cutibacterium_or_bacillus_like,coryneform_or_cutibacterium_or_bacillus_like,low,,1,,
pos,,Coryneforme bacterieen,gram positieve staaf,10,positive,rods,coryneform_or_cutibacterium_or_bacillus_like,coryneform_or_cutibacterium_or_bacillus_like,low,,1,,
pos,,,Candida dubliniensis,10,other,other,candida,candida,other,,1,,
pos,Gram-positive,viridans streptococcen (non-anginosus),Streptococcus mitis,9,positive,cocci,viridans,viridans,high,,1,,
pos,Gram-positive,viridans streptococcen (non-anginosus),Streptococcus salivarius,9,positive,cocci,viridans,viridans,high,,1,,
pos,Gram-positive,,Enterococcus casseliflavus,9,positive,cocci,entercoc_aerococ,entercoc_aerococ,medium,,1,,
pos,Gram-positive,coagulase-negatieve staphylococcen,Staphylococcus caprae,8,positive,cocci,cns,cns,low,,1,,
pos,Gram-positive,,MRSA,8,positive,cocci,hospital_pathogens,hospital_pathogens,high,,1,,
pos,,,Candida tropicalis,8,other,other,candida,candida,other,,1,,
pos,Gram-positive,viridans streptococcen (non-anginosus),Streptococcus oralis,8,positive,cocci,viridans,viridans,high,,1,,
pos,Gram-negative,chromosomaal AmpC-producers,Enterobacter cloacae/asburiae,8,negative,rods,enterobacterales,enterobacterales,high,,1,,
pos,,,Trichosporon asahii,7,other,other,other,other,other,,1,,
pos,Gram-positive,viridans streptococcen (non-anginosus),Streptococcus mitis groep,7,positive,cocci,viridans,viridans,high,,1,,
pos,Gram-positive,Coryneforme bacterieen,Rothia mucilaginosa,7,positive,cocci,coryneform_or_cutibacterium_or_bacillus_like,coryneform_or_cutibacterium_or_bacillus_like,low,,1,,
pos,Gram-positive,,MRSA.,6,positive,cocci,hospital_pathogens,hospital_pathogens,high,,1,,
pos,Gram-positive,viridans streptococcen (anginosus-groep),Streptococcus anginosus groep (milleri groep),6,positive,cocci,viridans,viridans,high,,1,,
pos,Gram-positive,viridans streptococcen (anginosus-groep),Streptococcus constellatus (S.milleri),6,positive,cocci,viridans,viridans,high,,1,,
pos,Gram-positive,coagulase-negatieve staphylococcen,Coagulase Negatieve Stafylokok,6,positive,cocci,cns,cns,low,,1,,
pos,Gram-negative,,Haemophilus influenzae,5,negative,coccobacillus,hospital_pathogens,hospital_pathogens,high,,1,,
pos,Gram-negative,,Acinetobacter calcoaceticus-baumanni complex,5,negative,coccobacillus,acinetobacter_and_aeromonas,acinetobacter_and_aeromonas,medium,,1,,
pos,,,anaerobe gram positieve kok,5,positive,cocci,other,other,other,1,1,,
pos,Gram-positive,viridans streptococcen (non-anginosus),Streptococcus gallolyticus (bovis groep),5,positive,cocci,viridans,viridans,high,,1,,
pos,Gram-positive,viridans streptococcen (non-anginosus),Streptococcus salivarius ssp salivarius/ssp thermophilus/vestibularis,5,positive,cocci,viridans,viridans,high,,1,,
pos,Gram-negative,Anaeroben (behalve proprioni),Bacteroides ovatus,5,negative,rods,anaerobes_excl_cutibacterium,anaerobes_excl_cutibacterium,low,,1,,
pos,,,anaerobe gram negatieve staaf,4,negative,rods,other,other,other,1,1,,
pos,Gram-positive,Anaeroben (behalve proprioni),Clostridium ramosum,4,positive,rods,anaerobes_excl_cutibacterium,anaerobes_excl_cutibacterium,low,,1,,
pos,Gram-positive,Anaeroben (behalve proprioni),Lactobacillus casei/paracasei/rhamnosus,4,positive,rods,anaerobes_excl_cutibacterium,anaerobes_excl_cutibacterium,low,,1,,
pos,Gram-positive,hemolytische streptococcen,Streptococcus dysgalactiae (groep c of g),4,positive,cocci,other,other,other,,1,,
pos,,,verdacht voor Streptokok BK,4,positive,cocci,hospital_pathogens,viridans,high,1,1,,
pos,Gram-positive,Coryneforme bacterieen,Arthrobacter species,4,positive,rods,coryneform_or_cutibacterium_or_bacillus_like,coryneform_or_cutibacterium_or_bacillus_like,low,,1,,
pos,Gram-positive,,Eggerthella lenta,4,positive,rods,coryneform_or_cutibacterium_or_bacillus_like,coryneform_or_cutibacterium_or_bacillus_like,low,1,1,,
pos,Gram-positive,Coryneforme bacterieen,Dermabacter hominis,4,positive,rods,coryneform_or_cutibacterium_or_bacillus_like,coryneform_or_cutibacterium_or_bacillus_like,low,,1,,
pos,,,gram negatieve staaf,4,negative,rods,other,other,other,1,1,,
pos,Gram-positive,viridans streptococcen (non-anginosus),Streptococcus sanguinis,4,positive,cocci,viridans,viridans,high,,1,,
pos,Gram-positive,hemolytische streptococcen,Streptococcus dysgalactiae (groep G),4,positive,cocci,other,other,other,,1,,
pos,,,,4,other,other,negative,negative,none,,0,,
pos,Gram-negative,chromosomaal AmpC-producers,Citrobacter freundii,4,negative,rods,enterobacterales,enterobacterales,high,,1,,
pos,Gram-negative,Anaeroben (behalve proprioni),Prevotella bivia,4,negative,rods,anaerobes_excl_cutibacterium,anaerobes_excl_cutibacterium,low,,1,,
pos,Gram-negative,,Neisseria meningitidis,4,negative,cocci,hospital_pathogens,community_pathogens,high,,1,,
pos,Gram-negative,groep1 enterobacterales,Klebsiella variicola,4,negative,rods,enterobacterales,enterobacterales,high,,1,,
pos,Gram-negative,chromosomaal AmpC-producers,Hafnia alvei,4,negative,rods,enterobacterales,enterobacterales,high,,1,,
pos,Gram-negative,chromosomaal AmpC-producers,Morganella morganii,4,negative,rods,enterobacterales,enterobacterales,high,,1,,
pos,Gram-negative,,Acinetobacter baumannii complex,4,negative,coccobacillus,acinetobacter_and_aeromonas,acinetobacter_and_aeromonas,medium,,1,,
pos,Gram-negative,Anaeroben (behalve proprioni),Fusobacterium necrophorum,3,negative,rods,anaerobes_excl_cutibacterium,anaerobes_excl_cutibacterium,high,,1,,
pos,Gram-positive,Bacillus-achtigen,Paenibacillus pabuli,3,positive,rods,coryneform_or_cutibacterium_or_bacillus_like,coryneform_or_cutibacterium_or_bacillus_like,low,,1,,
pos,,,Candida norvegensis,3,other,other,candida,candida,other,,1,,
pos,Gram-positive,viridans streptococcen (anginosus-groep),Streptococcus intermedius (S.milleri),3,positive,cocci,viridans,viridans,high,,1,,
pos,Gram-positive,coagulase-negatieve staphylococcen,Staphylococcus auricularis,3,positive,cocci,cns,cns,low,,1,,
pos,Gram-negative,groep1 enterobacterales,Erwinia species,3,negative,rods,enterobacterales,enterobacterales,low,,1,,
pos,Gram-positive,Kweek beschouwen als negatief,Micrococcus luteus/lylea,3,positive,cocci,negative,negative,none,,1,,
pos,Gram-positive,Coryneforme bacterieen,Corynebacterium afermentans,3,positive,rods,coryneform_or_cutibacterium_or_bacillus_like,coryneform_or_cutibacterium_or_bacillus_like,low,,1,,
pos,Gram-positive,Coryneforme bacterieen,Microbacterium species,3,positive,rods,coryneform_or_cutibacterium_or_bacillus_like,coryneform_or_cutibacterium_or_bacillus_like,low,,1,,
pos,Gram-negative,,Bacteroides vulgatus,3,negative,rods,coryneform_or_cutibacterium_or_bacillus_like,coryneform_or_cutibacterium_or_bacillus_like,low,1,1,,
pos,Gram-negative,,Acinetobacter ursingii,3,negative,coccobacillus,acinetobacter_and_aeromonas,acinetobacter_and_aeromonas,medium,,1,,
pos,Gram-negative,Anaeroben (behalve proprioni),Fusobacterium nucleatum,3,negative,rods,anaerobes_excl_cutibacterium,anaerobes_excl_cutibacterium,high,,1,,
pos,Gram-positive,viridans streptococcen (non-anginosus),Streptococcus gordonii,3,positive,cocci,viridans,viridans,high,,1,,
pos,Gram-positive,coagulase-negatieve staphylococcen,Staphylococcus schleiferi,3,positive,cocci,cns,cns,low,,1,,
pos,Gram-positive,,Listeria monocytogenes,3,positive,rods,hospital_pathogens,community_pathogens,high,1,1,,
pos,,,Staph uit BK voor AB interpretatie,3,positive,cocci,hospital_pathogens,cns,low,,1,,
pos,Gram-positive,coagulase-negatieve staphylococcen,Staphylococcus simulans,3,positive,cocci,cns,cns,low,,1,,
pos,Gram-positive,Anaeroben (behalve proprioni),Bifidobacterium breve,3,positive,rods,anaerobes_excl_cutibacterium,anaerobes_excl_cutibacterium,low,,1,,
pos,,,anaerobe gram positieve staaf,3,positive,rods,other,other,other,1,1,,
pos,Gram-positive,Anaeroben (behalve proprioni),Clostridium innocuum,3,positive,rods,anaerobes_excl_cutibacterium,anaerobes_excl_cutibacterium,low,,1,,
pos,Gram-positive,Anaeroben (behalve proprioni),Bifidobacterium species,3,positive,rods,anaerobes_excl_cutibacterium,anaerobes_excl_cutibacterium,low,,1,,
pos,Gram-negative,groep1 enterobacterales,Klebsiella oxytoca/Raoultella species,2,negative,rods,enterobacterales,enterobacterales,high,,1,,
pos,Gram-positive,nutrient variant streptococcen,Granulicatella adiacens,2,positive,cocci,hacek_or_nutrient_variant_streptococci,hacek_or_nutrient_variant_streptococci,medium,,1,,
pos,Gram-negative,Anaeroben (behalve proprioni),Prevotella nigrescens,2,negative,rods,anaerobes_excl_cutibacterium,anaerobes_excl_cutibacterium,low,,1,,
pos,Gram-positive,coagulase-negatieve staphylococcen,Staphylococcus species,2,positive,cocci,cns,cns,low,,1,,
pos,Gram-positive,Coryneforme bacterieen,Rhodococcus species,2,positive,cocci,coryneform_or_cutibacterium_or_bacillus_like,coryneform_or_cutibacterium_or_bacillus_like,low,,1,,
pos,Gram-positive,,Actinomyces odontolyticus,2,positive,rods,acinetobacter_and_aeromonas,acinetobacter_and_aeromonas,medium,,1,,
pos,Gram-positive,viridans streptococcen (non-anginosus),Streptococcus gallolyticus spp pasteurianus (bovis groep),2,positive,cocci,viridans,viridans,high,,1,,
pos,Gram-negative,Anaeroben (behalve proprioni),Veillonella parvula,2,negative,cocci,anaerobes_excl_cutibacterium,anaerobes_excl_cutibacterium,low,,1,,
pos,Gram-positive,coagulase-negatieve staphylococcen,Staphylococcus cohnii ssp urealyticus,2,positive,cocci,cns,cns,low,,1,,
pos,Gram-positive,coagulase-negatieve staphylococcen,Staphylococcus saprophyticus,2,positive,cocci,cns,cns,low,,1,,
pos,Gram-positive,,Enterococcus avium,2,positive,cocci,entercoc_aerococ,entercoc_aerococ,medium,,1,,
pos,Gram-negative,groep1 enterobacterales,Pantoea agglomerans,2,negative,rods,enterobacterales,enterobacterales,high,,1,,
pos,Gram-positive,,Leuconostoc pseudomesenteroides,2,positive,cocci,negative,negative,none,1,1,,
pos,Gram-positive,,Nocardia species,2,positive,rods,other,other,other,1,1,,
pos,Gram-positive,coagulase-negatieve staphylococcen,Staphylococcus cohnii,2,positive,cocci,cns,cns,low,,1,,
pos,Gram-positive,coagulase-negatieve staphylococcen,Staphylococcus cohnii ssp cohnii,2,positive,cocci,cns,cns,low,,1,,
pos,Gram-negative,,Acinetobacter species,2,negative,coccobacillus,acinetobacter_and_aeromonas,acinetobacter_and_aeromonas,medium,,1,,
pos,Gram-positive,Coryneforme bacterieen,Rothia dentocariosa,2,positive,rods,coryneform_or_cutibacterium_or_bacillus_like,coryneform_or_cutibacterium_or_bacillus_like,low,,1,,
pos,Gram-positive,Coryneforme bacterieen,Corynebacterium amycolatum,2,positive,rods,coryneform_or_cutibacterium_or_bacillus_like,coryneform_or_cutibacterium_or_bacillus_like,low,,1,,
pos,Gram-positive,Coryneforme bacterieen,Corynebacterium striatum,2,positive,rods,coryneform_or_cutibacterium_or_bacillus_like,coryneform_or_cutibacterium_or_bacillus_like,low,,1,,
pos,Gram-negative,chromosomaal AmpC-producers,Providencia rettgeri,2,negative,rods,enterobacterales,enterobacterales,high,,1,,
pos,Gram-positive,viridans streptococcen (non-anginosus),Streptococcus vestibularis,2,positive,cocci,viridans,viridans,high,,1,,
pos,Gram-negative,,Pasteurella multocida,2,negative,coccobacillus,other,other,other,1,1,,
pos,,,gram positieve kok,2,positive,cocci,other,other,other,1,1,,
pos,Gram-negative,Anaeroben (behalve proprioni),Bacteroides ovatus/xylanisolvens,2,negative,rods,anaerobes_excl_cutibacterium,anaerobes_excl_cutibacterium,low,,1,,
pos,Gram-positive,,Aerococcus urinae,2,positive,cocci,entercoc_aerococ,entercoc_aerococ,medium,,1,,
pos,Gram-negative,,Neisseria gonorrhoeae,2,negative,cocci,hospital_pathogens,community_pathogens,high,,1,,
pos,Gram-negative,,Moraxella osloensis/Enhydrobacter aerosaccus,2,negative,coccobacillus,moraxella_neisseria_non,moraxella_neisseria_non,medium,,1,,
pos,Gram-negative,chromosomaal AmpC-producers,Klebsiella aerogenes (voorheen Enterobacter aerogenes),2,negative,rods,enterobacterales,enterobacterales,high,,1,,
pos,,,Trichosporon,2,other,other,other,other,other,1,1,,
pos,,,Difteroide staafjes,2,positive,rods,other,other,other,1,1,,
pos,Gram-positive,Anaeroben (behalve proprioni),Lactobacillus rhamnosus,2,positive,rods,anaerobes_excl_cutibacterium,anaerobes_excl_cutibacterium,low,,1,,
pos,Gram-positive,Anaeroben (behalve proprioni),Lactobacillus species,2,positive,rods,anaerobes_excl_cutibacterium,anaerobes_excl_cutibacterium,low,,1,,
pos,,,Candida orthopsilosis,2,other,other,candida,candida,other,,1,,
pos,Gram-positive,Bacillus-achtigen,Bacillus megaterium,2,positive,rods,coryneform_or_cutibacterium_or_bacillus_like,coryneform_or_cutibacterium_or_bacillus_like,low,,1,,
pos,Gram-positive,Bacillus-achtigen,Bacillus species,2,positive,rods,coryneform_or_cutibacterium_or_bacillus_like,coryneform_or_cutibacterium_or_bacillus_like,low,,1,,
pos,Gram-negative,groep1 enterobacterales,Citrobacter koseri,2,negative,rods,enterobacterales,enterobacterales,high,,1,,
pos,Gram-negative,groep1 enterobacterales,Citrobacter species,2,negative,rods,enterobacterales,enterobacterales,high,,1,,
pos,Gram-negative,,Dialister pneumosintes,2,negative,rods,other,other,other,1,1,,
pos,Gram-positive,Coryneforme bacterieen,Brevibacterium casei,2,positive,rods,coryneform_or_cutibacterium_or_bacillus_like,coryneform_or_cutibacterium_or_bacillus_like,low,,1,,
pos,Gram-positive,Coryneforme bacterieen,Corynebacterium aurimucosum,2,positive,rods,coryneform_or_cutibacterium_or_bacillus_like,coryneform_or_cutibacterium_or_bacillus_like,low,,1,,
pos,Gram-negative,Anaeroben (behalve proprioni),Fusobacterium species,2,negative,rods,anaerobes_excl_cutibacterium,anaerobes_excl_cutibacterium,high,,1,,
pos,Gram-positive,,Enterococcus raffinosus,2,positive,cocci,entercoc_aerococ,entercoc_aerococ,medium,,1,,
pos,Gram-positive,,Dermacoccus nishinomiyaensis,1,positive,cocci,other,other,other,1,1,,
pos,Gram-negative,chromosomaal AmpC-producers,Enterobacter cloacae,1,negative,rods,enterobacterales,enterobacterales,high,,1,,
pos,Gram-positive,,Aerococcus viridans,1,positive,cocci,entercoc_aerococ,entercoc_aerococ,medium,,1,,
pos,Gram-positive,,Dolosigranulum pigrum,1,positive,cocci,other,other,other,1,1,,
pos,Gram-positive,,Atopobium vaginae,1,positive,cocci,other,other,other,1,1,,
pos,Gram-negative,HACEK group,Haemophilus haemolyticus,1,negative,rods,hacek_or_nutrient_variant_streptococci,hacek_or_nutrient_variant_streptococci,medium,,1,,
pos,Gram-negative,,Neisseria subflava,1,negative,cocci,moraxella_neisseria_non,moraxella_neisseria_non,medium,,1,,
pos,Gram-negative,HACEK group,Eikenella corrodens,1,negative,rods,hacek_or_nutrient_variant_streptococci,hacek_or_nutrient_variant_streptococci,medium,,1,,
pos,,,Candida guillermondii,1,other,other,candida,candida,other,,1,,
pos,Gram-negative,Anaeroben (behalve proprioni),Bacteroides intestinalis,1,negative,rods,anaerobes_excl_cutibacterium,anaerobes_excl_cutibacterium,low,,1,,
pos,Gram-negative,Anaeroben (behalve proprioni),Bacteroides salyersiae,1,negative,rods,anaerobes_excl_cutibacterium,anaerobes_excl_cutibacterium,low,,1,,
pos,Gram-negative,Anaeroben (behalve proprioni),Bacteroides species,1,negative,rods,anaerobes_excl_cutibacterium,anaerobes_excl_cutibacterium,low,,1,,
pos,Gram-negative,Anaeroben (behalve proprioni),Bacteroides uniformis,1,negative,rods,anaerobes_excl_cutibacterium,anaerobes_excl_cutibacterium,low,,1,,
pos,,,Strep uit BK voor juiste isolaattesten,1,positive,cocci,hospital_pathogens,viridans,high,1,1,,
pos,,,Cryptococcus neoformans,1,other,other,other,other,other,1,1,,
pos,,,Candida species,1,other,other,candida,candida,other,,1,,
pos,,,Candida nivariensis,1,other,other,candida,candida,other,,1,,
pos,,,Candida lusitaniae,1,other,other,candida,candida,other,,1,,
pos,Gram-negative,Anaeroben (behalve proprioni),Fusobacterium periodonticum,1,negative,rods,anaerobes_excl_cutibacterium,anaerobes_excl_cutibacterium,high,,1,,
pos,Gram-negative,Anaeroben (behalve proprioni),Prevotella melaninogenica,1,negative,rods,anaerobes_excl_cutibacterium,anaerobes_excl_cutibacterium,low,,1,,
pos,Gram-positive,,Enterococcus thailandicus,1,positive,cocci,entercoc_aerococ,entercoc_aerococ,medium,,1,,
pos,,viridans streptococcen (non-anginosus),Vergroenende Streptokok,1,positive,cocci,viridans,viridans,high,,1,,
pos,Gram-negative,Anaeroben (behalve proprioni),Prevotella oralis,1,negative,rods,anaerobes_excl_cutibacterium,anaerobes_excl_cutibacterium,low,,1,,
pos,Gram-negative,Anaeroben (behalve proprioni),Prevotella oris,1,negative,rods,anaerobes_excl_cutibacterium,anaerobes_excl_cutibacterium,low,,1,,
pos,Gram-negative,Anaeroben (behalve proprioni),Prevotella species,1,negative,rods,anaerobes_excl_cutibacterium,anaerobes_excl_cutibacterium,low,,1,,
pos,Gram-positive,,Pediococcus pentosaceus,1,positive,cocci,other,other,other,1,1,,
pos,Gram-negative,Coryneforme bacterieen,Corynebacterium amycolatum / xerosis,1,positive,rods,coryneform_or_cutibacterium_or_bacillus_like,coryneform_or_cutibacterium_or_bacillus_like,low,,1,,
pos,Gram-positive,,Lactobacillus salivarius,1,positive,rods,coryneform_or_cutibacterium_or_bacillus_like,coryneform_or_cutibacterium_or_bacillus_like,low,1,1,,
pos,Gram-positive,,Lactobacillus reuteri,1,positive,rods,coryneform_or_cutibacterium_or_bacillus_like,coryneform_or_cutibacterium_or_bacillus_like,low,1,1,,
pos,Gram-positive,,Kytococcus schroeteri,1,positive,cocci,other,other,other,1,1,,
pos,Gram-positive,,Gemella haemolysans,1,positive,cocci,other,other,other,1,1,,
pos,Gram-positive,,Actinomyces turicensis,1,positive,rods,other,other,other,1,1,,
pos,Gram-positive,nutrient variant streptococcen,Abiotrophia defectiva,1,positive,cocci,hacek_or_nutrient_variant_streptococci,hacek_or_nutrient_variant_streptococci,medium,,1,,
pos,Gram-positive,,Actinomyces neuii,1,positive,rods,other,other,other,1,1,,
pos,Gram-positive,Anaeroben (behalve proprioni),Peptostreptococcus anaerobius,1,positive,cocci,anaerobes_excl_cutibacterium,anaerobes_excl_cutibacterium,low,,1,,
pos,Gram-positive,Coryneforme bacterieen,Corynebacterium simulans,1,positive,rods,coryneform_or_cutibacterium_or_bacillus_like,coryneform_or_cutibacterium_or_bacillus_like,low,,1,,
pos,Gram-negative,,Aeromonas veronii,1,negative,rods,acinetobacter_and_aeromonas,acinetobacter_and_aeromonas,medium,,1,,
pos,Gram-positive,Coryneforme bacterieen,Corynebacterium coyleae,1,positive,rods,coryneform_or_cutibacterium_or_bacillus_like,coryneform_or_cutibacterium_or_bacillus_like,low,,1,,
pos,Gram-positive,Coryneforme bacterieen,Brevibacterium species,1,positive,rods,coryneform_or_cutibacterium_or_bacillus_like,coryneform_or_cutibacterium_or_bacillus_like,low,,1,,
pos,Gram-positive,Coryneforme bacterieen,Brevibacterium,1,positive,rods,coryneform_or_cutibacterium_or_bacillus_like,coryneform_or_cutibacterium_or_bacillus_like,low,,1,,
pos,Gram-positive,Bacillus-achtigen,Paenibacillus provencensis,1,positive,rods,coryneform_or_cutibacterium_or_bacillus_like,coryneform_or_cutibacterium_or_bacillus_like,low,,1,,
pos,Gram-positive,Bacillus-achtigen,Bacillus thuringiensis,1,positive,rods,coryneform_or_cutibacterium_or_bacillus_like,coryneform_or_cutibacterium_or_bacillus_like,low,,1,,
pos,Gram-positive,Bacillus-achtigen,Bacillus simplex,1,positive,rods,coryneform_or_cutibacterium_or_bacillus_like,coryneform_or_cutibacterium_or_bacillus_like,low,,1,,
pos,Gram-positive,Bacillus-achtigen,Bacillus circulans,1,positive,rods,coryneform_or_cutibacterium_or_bacillus_like,coryneform_or_cutibacterium_or_bacillus_like,low,,1,,
pos,Gram-negative,,Leptotrichia trevisanii,1,negative,rods,other,other,other,1,1,,
pos,Gram-negative,,Moraxella nonliquefaciens,1,negative,coccobacillus,moraxella_neisseria_non,moraxella_neisseria_non,medium,,1,,
pos,Gram-positive,Anaeroben (behalve proprioni),Parvimonas micra,1,positive,cocci,anaerobes_excl_cutibacterium,anaerobes_excl_cutibacterium,low,,1,,
pos,Gram-positive,viridans streptococcen (non-anginosus),Streptococcus viridans groep,1,positive,cocci,viridans,viridans,high,,1,,
pos,Gram-positive,Anaeroben (behalve proprioni),Lactobacillus jensenii,1,positive,rods,anaerobes_excl_cutibacterium,anaerobes_excl_cutibacterium,low,1,1,,
pos,Gram-negative,,Moraxella osloensis,1,negative,coccobacillus,moraxella_neisseria_non,moraxella_neisseria_non,medium,,1,,
pos,Gram-positive,Anaeroben (behalve proprioni),Lactobacillus casei,1,positive,rods,anaerobes_excl_cutibacterium,anaerobes_excl_cutibacterium,low,1,1,,
pos,Gram-positive,Anaeroben (behalve proprioni),Clostridium tertium,1,positive,rods,anaerobes_excl_cutibacterium,anaerobes_excl_cutibacterium,low,,1,,
pos,Gram-positive,Anaeroben (behalve proprioni),Clostridium sporogenes,1,positive,rods,anaerobes_excl_cutibacterium,anaerobes_excl_cutibacterium,low,,1,,
pos,Gram-positive,Anaeroben (behalve proprioni),Clostridium septicum,1,positive,rods,anaerobes_excl_cutibacterium,anaerobes_excl_cutibacterium,low,,1,,
pos,Gram-positive,Anaeroben (behalve proprioni),Clostridium butyricum,1,positive,rods,anaerobes_excl_cutibacterium,anaerobes_excl_cutibacterium,low,,1,,
pos,Gram-positive,Anaeroben (behalve proprioni),Bifidobacterium longum,1,positive,rods,anaerobes_excl_cutibacterium,anaerobes_excl_cutibacterium,low,,1,,
pos,Gram-negative,,Stenotrophomonas species,1,negative,rods,hospital_pathogens,hospital_pathogens,high,1,1,,
pos,Gram-negative,,Neisseria mucosa,1,negative,cocci,moraxella_neisseria_non,moraxella_neisseria_non,medium,,1,,
pos,Gram-negative,,Paracoccus yeei,1,negative,coccobacillus,other,other,other,1,1,,
pos,Gram-positive,Coryneforme bacterieen,Corynebacterium stationis,1,positive,rods,coryneform_or_cutibacterium_or_bacillus_like,coryneform_or_cutibacterium_or_bacillus_like,low,,1,,
pos,Gram-positive,Coryneforme bacterieen,Microbacterium resistens,1,positive,rods,coryneform_or_cutibacterium_or_bacillus_like,coryneform_or_cutibacterium_or_bacillus_like,low,,1,,
pos,Gram-negative,,Acinetobacter lwoffii,1,negative,rods,acinetobacter_and_aeromonas,acinetobacter_and_aeromonas,medium,,1,,
pos,Gram-negative,,Acinetobacter johnsonii,1,negative,rods,acinetobacter_and_aeromonas,acinetobacter_and_aeromonas,medium,,1,,
pos,Gram-negative,chromosomaal AmpC-producers,Enterobacter species,1,negative,rods,enterobacterales,enterobacterales,high,,1,,
pos,Gram-positive,viridans streptococcen (non-anginosus),Streptococcus pseudopneumoniae,1,positive,cocci,viridans,viridans,high,,1,,
pos,Gram-positive,viridans streptococcen (non-anginosus),Streptococcus massiliensis,1,positive,cocci,viridans,viridans,high,,1,,
pos,Gram-positive,viridans streptococcen (non-anginosus),Streptococcus lutetiensis,1,positive,cocci,viridans,viridans,high,,1,,
pos,Gram-positive,viridans streptococcen (non-anginosus),Streptococcus bovis,1,positive,cocci,viridans,viridans,high,,1,,
pos,Gram-positive,viridans streptococcen (anginosus-groep),Streptococcus constellatus ssp constellatus,1,positive,cocci,viridans,viridans,high,,1,,
pos,Gram-negative,groep1 enterobacterales,Pantoea species,1,negative,rods,enterobacterales,enterobacterales,high,,1,,
pos,Gram-negative,,Ochrobactrum anthropi,1,negative,rods,other,other,other,1,1,,
pos,Gram-negative,groep1 enterobacterales,Proteus penneri,1,negative,rods,enterobacterales,enterobacterales,high,,1,,
pos,Gram-negative,groep1 enterobacterales,Proteus vulgaris/hauseri/penneri,1,negative,rods,enterobacterales,enterobacterales,high,,1,,
pos,Gram-negative,groep1 enterobacterales,Raoultella ornithinolytica,1,negative,rods,enterobacterales,enterobacterales,high,,1,,
pos,Gram-negative,groep1 enterobacterales,Salmonella enteritidis,1,negative,rods,enterobacterales,enterobacterales,high,,1,,
pos,Gram-negative,non-fermentersClassic,Chryseobacterium hominis,1,negative,rods,non_fermenters,non_fermenters,medium,,1,,
pos,Gram-positive,coagulase-negatieve staphylococcen,Staphylococcus saccharolyticus,1,positive,cocci,cns,cns,low,,1,,
pos,Gram-negative,non-fermentersClassic,Ralstonia pickettii,1,negative,rods,non_fermenters,non_fermenters,medium,,1,,
pos,Gram-positive,coagulase-negatieve staphylococcen,Staphylococcus pasteuri,1,positive,cocci,cns,cns,low,,1,,
pos,Gram-negative,non-fermentersClassic,Sphingomonas species,1,negative,rods,non_fermenters,non_fermenters,medium,,1,,
pos,Gram-negative,non-fermentersNethmap,Burkholderia cepacia,1,negative,rods,non_fermenters,non_fermenters,medium,,1,,
pos,Gram-negative,non-fermentersNethmap,Burkholderia cepacia groep,1,negative,rods,non_fermenters,non_fermenters,medium,,1,,
pos,Gram-negative,non-fermentersNethmap,Pseudomonas putida,1,negative,rods,non_fermenters,non_fermenters,medium,,1,,
pos,Gram-negative,non-fermentersNethmap,Pseudomonas stutzeri,1,negative,rods,non_fermenters,non_fermenters,medium,,1,,
pos,Gram-negative,,Acinetobacter baumannii,1,negative,coccobacillus,acinetobacter_and_aeromonas,acinetobacter_and_aeromonas,medium,,1,,
pos,Gram-negative,,Acinetobacter haemolyticus,1,negative,coccobacillus,acinetobacter_and_aeromonas,acinetobacter_and_aeromonas,medium,,1,,
pos,Gram-positive,Coryneforme bacterieen,Corynebacterium imitans,1,positive,rods,coryneform_or_cutibacterium_or_bacillus_like,coryneform_or_cutibacterium_or_bacillus_like,low,,1,,
pos,,,gisten gekweekt,1000,other,other,other,other,high,1,1,,
pos,Gram-negative,non-fermentersClassic,Achromobacter xylosoxidans/denitrificans,59,negative,rods,non_fermenters,non_fermenters,medium,,1,,
pos,Gram-negative,non-fermentersNethmap,Moraxella catarrhalis,46,negative,cocci,non_fermenters,non_fermenters,medium,,1,,
pos,,,Saccharomyces cerevisiae,26,other,other,other,other,other,1,1,,
neg,,,kiemgetal,25,drop,drop,drop,drop,drop,0,2,Dit record weglaten omdat het niet gaat om een determinatie,
pos,,,Candida kefyr,25,other,other,candida,candida,other,,1,,
pos,Gram-negative,groep1 enterobacterales,Citrobacter koseri complex,24,negative,rods,enterobacterales,enterobacterales,high,,1,,
pos,Gram-negative,non-fermentersNethmap,Burkholderia cenocepacia,22,negative,rods,non_fermenters,non_fermenters,medium,,1,,
pos,Gram-negative,non-fermentersClassic,Achromobacter xylosoxidans,20,negative,rods,non_fermenters,non_fermenters,medium,,1,,
pos,,,"Candida species, non albicans",15,other,other,candida,candida,other,,1,,
pos,Gram-negative,non-fermentersClassic,Elizabethkingia meningoseptica/miricola/anophelis,14,negative,rods,non_fermenters,non_fermenters,medium,,1,,
pos,Gram-negative,groep1 enterobacterales,Proteus vulgaris,12,negative,rods,enterobacterales,enterobacterales,high,,1,,
pos,Gram-negative,non-fermentersClassic,Sphingomonas paucimobilis,9,negative,rods,non_fermenters,non_fermenters,medium,,1,,
pos,Gram-negative,non-fermentersClassic,Chryseobacterium species,9,negative,rods,non_fermenters,non_fermenters,medium,,1,,
pos,Gram-negative,non-fermentersClassic,Chryseobacterium indologenes,9,negative,rods,non_fermenters,non_fermenters,medium,,1,,
pos,,,schimmels gekweekt,9,other,other,other,other,other,,1,,
pos,Gram-negative,non-fermentersNethmap,Pseudomonas species,7,negative,rods,non_fermenters,non_fermenters,medium,,1,,
pos,Gram-negative,non-fermentersClassic,Chryseobacterium gleum,7,negative,rods,non_fermenters,non_fermenters,medium,,1,,
pos,Gram-negative,chromosomaal AmpC-producers,Serratia odorifera,6,negative,rods,enterobacterales,enterobacterales,high,,1,,
pos,,,Aspergillus fumigatus complex,6,other,other,other,other,other,,1,hosp_path?,
pos,Gram-negative,non-fermentersNethmap,Pseudomonas monteilii,5,negative,rods,non_fermenters,non_fermenters,medium,,1,,
pos,Gram-negative,,Aeromonas hydrophila/caviae,4,negative,rods,acinetobacter_and_aeromonas,acinetobacter_and_aeromonas,medium,,1,,
pos,Gram-negative,,Burkholderia species,4,negative,rods,non_fermenters,non_fermenters,medium,1,1,non fermenters?,
pos,Gram-negative,non-fermentersNethmap,Pseudomonas oryzihabitans,4,negative,rods,non_fermenters,non_fermenters,medium,,1,,
pos,Gram-negative,groep1 enterobacterales,Rahnella aquatilis,4,negative,rods,enterobacterales,enterobacterales,low,,1,,
pos,Gram-negative,groep1 enterobacterales,Obesumbacterium proteus/Hafnia alvei,4,negative,rods,enterobacterales,enterobacterales,medium,,1,,
pos,Gram-negative,non-fermentersNethmap,Pseudomonas fluorescens,4,negative,rods,non_fermenters,non_fermenters,medium,,1,,
pos,,,schimmel,4,other,other,other,other,other,0,2,,
pos,Gram-negative,groep1 enterobacterales,Salmonella groep D,3,negative,rods,enterobacterales,enterobacterales,high,,1,,
pos,Gram-negative,groep1 enterobacterales,Kluyvera ascorbata,3,negative,rods,enterobacterales,enterobacterales,high,,1,,
pos,Gram-negative,non-fermentersNethmap,Pseudomonas fulva,3,negative,rods,non_fermenters,non_fermenters,medium,,1,,
pos,Gram-negative,non-fermentersClassic,Sphingobacterium spiritivorum,3,negative,rods,non_fermenters,non_fermenters,medium,,1,,
pos,Gram-negative,chromosomaal AmpC-producers,Serratia liquefaciens,3,negative,rods,enterobacterales,enterobacterales,high,,1,,
pos,Gram-negative,non-fermentersClassic,Delftia acidovorans,3,negative,rods,non_fermenters,non_fermenters,medium,,1,,
pos,Gram-negative,,Aeromonas hydrophila,3,negative,rods,acinetobacter_and_aeromonas,acinetobacter_and_aeromonas,medium,,1,,
pos,Gram-negative,,Capnocytophaga sputigena,3,negative,rods,other,other,other,1,1,other?,
pos,Gram-negative,non-fermentersClassic,Achromobacter spanius,3,negative,cocci,non_fermenters,non_fermenters,medium,,1,,
pos,Gram-negative,,Acinetobacter nosocomialis,2,negative,coccobacillus,acinetobacter_and_aeromonas,acinetobacter_and_aeromonas,medium,,1,,
pos,Gram-negative,,Aeromonas species,2,negative,rods,acinetobacter_and_aeromonas,acinetobacter_and_aeromonas,medium,,1,,
pos,Gram-negative,chromosomaal AmpC-producers,Serratia marcescens/nematodiphila/ureilytica,2,negative,rods,enterobacterales,enterobacterales,high,,1,,
pos,Gram-negative,,Ochrobactrum intermedium,2,negative,rods,other,other,other,1,1,other?,
pos,Gram-negative,non-fermentersNethmap,Pseudomonas oleovorans,2,negative,rods,non_fermenters,non_fermenters,medium,,1,,
pos,Gram-negative,,Burkholderia vietnamiensis,2,negative,rods,non_fermenters,non_fermenters,medium,1,1,non fermenters?,
pos,Gram-negative,,Aeromonas sobria/veronii,2,negative,rods,acinetobacter_and_aeromonas,acinetobacter_and_aeromonas,medium,,1,,
pos,Gram-negative,non-fermentersNethmap,Pseudomonas mendocina,2,negative,rods,non_fermenters,non_fermenters,medium,,1,,
pos,Gram-negative,,Acinetobacter junii,2,negative,coccobacillus,acinetobacter_and_aeromonas,acinetobacter_and_aeromonas,medium,,1,,
pos,Gram-negative,non-fermentersNethmap,Pseudomonas chlororaphis,2,negative,rods,non_fermenters,non_fermenters,medium,,1,,
pos,Gram-negative,,Herbaspirillum species,2,negative,rods,other,other,other,1,1,other?,
pos,Gram-negative,chromosomaal AmpC-producers,Serratia species,2,negative,rods,enterobacterales,enterobacterales,high,,1,,
pos,,,non fermentatieve gram negatieve staaf,2,negative,rods,non_fermenters,non_fermenters,medium,1,1,non fermenters?,
pos,Gram-negative,groep1 enterobacterales,Salmonella species,2,negative,rods,enterobacterales,enterobacterales,high,,1,,
pos,,,Verdacht_voor Gramnegatieve staven Kiestra,2,negative,rods,other,other,other,1,1,other?,
pos,Gram-negative,non-fermentersClassic,Achromobacter species,2,negative,rods,non_fermenters,non_fermenters,medium,,1,,
pos,Gram-positive,,Aerococcus sanguinicola,2,positive,cocci,entercoc_aerococ,entercoc_aerococ,medium,,1,,
pos,Gram-negative,chromosomaal AmpC-producers,Enterobacter ludwigii,2,negative,rods,enterobacterales,enterobacterales,high,,1,,
pos,Gram-negative,chromosomaal AmpC-producers,Enterobacter kobei,1,negative,rods,enterobacterales,enterobacterales,high,,1,,
pos,Gram-negative,,Parabacteroides distasonis,1,negative,rods,other,other,other,1,1,other?,
pos,Gram-negative,chromosomaal AmpC-producers,Citrobacter braakii,1,negative,rods,enterobacterales,enterobacterales,high,,1,,
pos,Gram-negative,,Pasteurella canis,1,negative,coccobacillus,other,other,other,1,1,other?,
pos,Gram-negative,,Rhizobium radiobacter,1,negative,rods,other,other,other,1,1,other?,
pos,Gram-negative,,Stenotrophomonas rhizophila,1,negative,rods,other,other,other,1,1,other?,
pos,Gram-positive,Coryneforme bacterieen,Arcanobacterium haemolyticum,1,positive,rods,coryneform_or_cutibacterium_or_bacillus_like,coryneform_or_cutibacterium_or_bacillus_like,low,,1,,
pos,Gram-positive,Coryneforme bacterieen,Corynebacterium tuberculostearicum,1,positive,rods,coryneform_or_cutibacterium_or_bacillus_like,coryneform_or_cutibacterium_or_bacillus_like,low,0,2,dubbele entry met rij 332 (1x pos 1x neg),
pos,Gram-positive,,Actinotignum schaalii,1,positive,rods,other,other,other,1,1,other?,
pos,Gram-positive,coagulase-negatieve staphylococcen,Staphylococcus argenteus,1,positive,cocci,cns,hospital_pathogens,high,,1,,
pos,,,Candida slooffiae,1,other,other,candida,candida,other,,1,,
pos,,,Candida metapsilosis,1,other,other,candida,candida,other,,1,,
pos,Gram-positive,coagulase-negatieve staphylococcen,"Staphylococcus argenteus, behoort tot S.aureus complex",1,positive,cocci,cns,hospital_pathogens,high,,1,,
pos,,,Candida lambica,1,other,other,candida,candida,other,,1,,
pos,Gram-negative,chromosomaal AmpC-producers,Serratia fonticola,1,negative,rods,enterobacterales,enterobacterales,high,,1,,
pos,,,Candida inconspicua,1,other,other,candida,candida,other,,1,,
pos,Gram-positive,coagulase-negatieve staphylococcen,Staphylococcus pseudintermedius,1,positive,cocci,cns,cns,low,,1,,
pos,,,Aspergillus flavus,1,other,other,other,other,other,1,1,hosp_path?,
pos,Gram-positive,hemolytische streptococcen,Streptococcus equisimilis (Group C)/Group g strep,1,positive,cocci,other,other,other,,1,,
pos,Gram-positive,,Aerococcus species,1,positive,cocci,entercoc_aerococ,entercoc_aerococ,medium,,1,,
pos,Gram-positive,Coryneforme bacterieen,Corynebacterium urealyticum,1,positive,rods,coryneform_or_cutibacterium_or_bacillus_like,coryneform_or_cutibacterium_or_bacillus_like,low,,1,,
pos,Gram-negative,groep1 enterobacterales,Pantoea dispersa,1,negative,rods,enterobacterales,enterobacterales,high,,1,,
pos,Gram-negative,,Moraxella ovis/lacunata,1,negative,coccobacillus,moraxella_neisseria_non,moraxella_neisseria_non,medium,,1,,
pos,Gram-negative,groep1 enterobacterales,Enterobacter gergoviae,1,negative,rods,enterobacterales,enterobacterales,high,,1,,
pos,Gram-negative,groep1 enterobacterales,Rahnella species,1,negative,rods,enterobacterales,enterobacterales,low,,1,,
pos,Gram-negative,groep1 enterobacterales,Raoultella species,1,negative,rods,enterobacterales,enterobacterales,high,,1,,
pos,Gram-negative,groep1 enterobacterales,Salmonella enterica ssp enterica,1,negative,rods,enterobacterales,enterobacterales,high,,1,,
pos,Gram-negative,non-fermentersClassic,Achromobacter piechaudii,1,negative,rods,non_fermenters,non_fermenters,medium,,1,,
pos,Gram-negative,groep1 enterobacterales,Leclercia adecarboxylata,1,negative,rods,enterobacterales,enterobacterales,high,,1,,
pos,Gram-negative,non-fermentersClassic,Brevundimonas diminuta/vesicularis,1,negative,rods,non_fermenters,non_fermenters,medium,,1,,
pos,Gram-negative,groep1 enterobacterales,Klebsiella ornithinolytica,1,negative,rods,enterobacterales,enterobacterales,high,,1,,
pos,Gram-negative,groep1 enterobacterales,Ewingella americana,1,negative,rods,enterobacterales,enterobacterales,medium,,1,,
pos,Gram-negative,non-fermentersClassic,Comamonas testosteroni,1,negative,rods,non_fermenters,non_fermenters,medium,,1,,
pos,Gram-negative,groep1 enterobacterales,Escherichia hermannii,1,negative,rods,enterobacterales,enterobacterales,high,,1,,
pos,Gram-negative,non-fermentersClassic,Myroides species,1,negative,rods,non_fermenters,non_fermenters,medium,,1,,
pos,Gram-negative,non-fermentersClassic,Sphingobacterium multivorum,1,negative,rods,non_fermenters,non_fermenters,medium,,1,,
pos,Gram-negative,non-fermentersNethmap,Burkholderia cepacia complex,1,negative,rods,non_fermenters,non_fermenters,medium,,1,,
pos,Gram-negative,,Herbaspirillum huttiense,1,negative,rods,other,other,other,1,1,other?,
pos,Gram-negative,non-fermentersNethmap,Chryseomonas species,1,negative,rods,non_fermenters,non_fermenters,medium,,1,,
pos,Gram-negative,chromosomaal AmpC-producers,Serratia rubidaea,1,negative,rods,enterobacterales,enterobacterales,high,,1,,
pos,Gram-negative,non-fermentersNethmap,Pseudomonas koreensis,1,negative,rods,non_fermenters,non_fermenters,medium,,1,,
neg,Gram-positive,Coryneforme bacterieen,Corynebacterium tuberculostearicum,1,positive,rods,coryneform_or_cutibacterium_or_bacillus_like,coryneform_or_cutibacterium_or_bacillus_like,low,0,2,negatieve kweek met determinatie?,
pos,Gram-negative,,Acinetobacter beijerinckii,1,negative,coccobacillus,acinetobacter_and_aeromonas,acinetobacter_and_aeromonas,medium,,1,,
pos,Gram-negative,,Actinobacillus rossii,1,negative,rods,other,other,other,1,1,other?,
pos,Gram-negative,,Aeromonas caviae,1,negative,rods,acinetobacter_and_aeromonas,acinetobacter_and_aeromonas,medium,,1,,
pos,Gram-negative,,Aeromonas salmonicida/ bestiarum,1,negative,rods,acinetobacter_and_aeromonas,acinetobacter_and_aeromonas,medium,,1,,
pos,Gram-negative,,Agrobacterium tumefaciens,1,negative,rods,other,other,other,1,1,other?,
pos,Gram-negative,,Alleen Maldi Kiestra,1,drop,drop,drop,drop,drop,,1,Dit record weglaten omdat de omschrijving over een apparaat gaat?,
pos,Gram-negative,,Bordetella bronchiseptica,1,negative,rods,other,other,other,1,1,other?,
pos,Gram-negative,,Burkholderia gladioli,1,negative,rods,non_fermenters,non_fermenters,medium,1,1,non fermenters?,
neg,Gram-negative,HACEK group,Haemophilus parainfluenzae,1,negative,coccobacillus,hacek_or_nutrient_variant_streptococci,hacek_or_nutrient_variant_streptococci,medium,0,2,,
pos,Gram-positive,Anaeroben (behalve proprioni),Finegoldia magna,24,positive,cocci,anaerobes_excl_cutibacterium,anaerobes_excl_cutibacterium,high,,1,,
pos,Gram-positive,Anaeroben (behalve proprioni),Clostridium species,10,positive,rods,anaerobes_excl_cutibacterium,anaerobes_excl_cutibacterium,low,,1,,
pos,Gram-negative,Anaeroben (behalve proprioni),Prevotella denticola,10,negative,rods,anaerobes_excl_cutibacterium,anaerobes_excl_cutibacterium,low,,1,,
pos,Gram-positive,Proprionibacterium & Cutibacterium,Propionibacterium avidum,9,positive,rods,coryneform_or_cutibacterium_or_bacillus_like,coryneform_or_cutibacterium_or_bacillus_like,low,,1,,
pos,Gram-negative,non-fermentersClassic,Comamonas kerstersii,7,negative,rods,non_fermenters,non_fermenters,medium,,1,,
pos,Gram-negative,Anaeroben (behalve proprioni),Prevotella buccae,6,negative,rods,anaerobes_excl_cutibacterium,anaerobes_excl_cutibacterium,low,,1,,
pos,Gram-positive,Anaeroben (behalve proprioni),Peptoniphilus lacrimalis,5,positive,cocci,anaerobes_excl_cutibacterium,anaerobes_excl_cutibacterium,low,,1,,
pos,Gram-negative,HACEK group,Haemophilus parainfluenzae,5,negative,coccobacillus,hacek_or_nutrient_variant_streptococci,hacek_or_nutrient_variant_streptococci,medium,0,2,,
pos,Gram-positive,Anaeroben (behalve proprioni),Peptoniphilus species,5,positive,cocci,anaerobes_excl_cutibacterium,anaerobes_excl_cutibacterium,low,,1,,
pos,Gram-negative,non-fermentersClassic,Alcaligenes faecalis,5,negative,rods,non_fermenters,non_fermenters,medium,,1,,
pos,Gram-positive,Bacillus-achtigen,Bacillus subtilis,4,positive,rods,coryneform_or_cutibacterium_or_bacillus_like,coryneform_or_cutibacterium_or_bacillus_like,low,,1,,
pos,Gram-positive,Anaeroben (behalve proprioni),Lactobacillus gasseri,4,positive,rods,anaerobes_excl_cutibacterium,anaerobes_excl_cutibacterium,low,1,1,lactobacillus in which group?,
pos,Gram-negative,chromosomaal AmpC-producers,Providencia stuartii,4,negative,rods,enterobacterales,enterobacterales,high,,1,,
pos,Gram-negative,non-fermentersNethmap,Pseudomonas citronellolis,4,negative,rods,non_fermenters,non_fermenters,medium,,1,,
pos,Gram-negative,Anaeroben (behalve proprioni),Veillonella atypica,3,negative,cocci,anaerobes_excl_cutibacterium,anaerobes_excl_cutibacterium,low,,1,,
pos,Gram-positive,Bacillus-achtigen,Bacillus,3,positive,rods,coryneform_or_cutibacterium_or_bacillus_like,coryneform_or_cutibacterium_or_bacillus_like,low,,1,,
pos,Gram-negative,groep1 enterobacterales,Kluyvera cryocrescens,3,negative,rods,enterobacterales,enterobacterales,high,,1,,
pos,Gram-negative,Anaeroben (behalve proprioni),Prevotella intermedia,3,negative,rods,anaerobes_excl_cutibacterium,anaerobes_excl_cutibacterium,low,,1,,
pos,Gram-positive,Anaeroben (behalve proprioni),Lactobacillus casei/paracasei,3,positive,rods,anaerobes_excl_cutibacterium,anaerobes_excl_cutibacterium,low,1,1,lactobacillus in which group?,
pos,Gram-positive,Coryneforme bacterieen,Arcanobacterium bernardiae,3,positive,rods,coryneform_or_cutibacterium_or_bacillus_like,coryneform_or_cutibacterium_or_bacillus_like,low,,1,,
pos,Gram-positive,Coryneforme bacterieen,Corynebacterium accolens,3,positive,rods,coryneform_or_cutibacterium_or_bacillus_like,coryneform_or_cutibacterium_or_bacillus_like,low,,1,,
pos,Gram-negative,non-fermentersNethmap,Pseudomonas luteola,3,negative,rods,non_fermenters,non_fermenters,medium,,1,,
pos,Gram-positive,Bacillus-achtigen,Bacillus pumilus,2,positive,rods,coryneform_or_cutibacterium_or_bacillus_like,coryneform_or_cutibacterium_or_bacillus_like,low,,1,,
pos,Gram-positive,Anaeroben (behalve proprioni),Anaerococcus species,2,positive,cocci,anaerobes_excl_cutibacterium,anaerobes_excl_cutibacterium,low,,1,,
pos,Gram-negative,non-fermentersClassic,Comamonas species,2,negative,rods,non_fermenters,non_fermenters,medium,,1,,
pos,Gram-positive,viridans streptococcen (non-anginosus),Streptococcus mutans,2,positive,cocci,viridans,viridans,high,,1,,
pos,Gram-negative,groep1 enterobacterales,Klebsiella species,2,negative,rods,enterobacterales,enterobacterales,high,,1,,
pos,Gram-negative,Anaeroben (behalve proprioni),Prevotella heparinolytica,2,negative,rods,anaerobes_excl_cutibacterium,anaerobes_excl_cutibacterium,low,,1,,
pos,Gram-negative,chromosomaal AmpC-producers,Citrobacter werkmanii,2,negative,rods,enterobacterales,enterobacterales,high,,1,,
pos,Gram-negative,HACEK group,Aggregatibacter aphrophilus,2,negative,coccobacillus,hacek_or_nutrient_variant_streptococci,hacek_or_nutrient_variant_streptococci,medium,,1,,
pos,Gram-negative,groep1 enterobacterales,Enterobacter amnigenus,2,negative,rods,enterobacterales,enterobacterales,high,,1,,
pos,Gram-negative,Anaeroben (behalve proprioni),Bacteroides tectum,1,negative,rods,anaerobes_excl_cutibacterium,anaerobes_excl_cutibacterium,low,,1,,
pos,Gram-negative,Anaeroben (behalve proprioni),Veillonella dispar,1,negative,cocci,anaerobes_excl_cutibacterium,anaerobes_excl_cutibacterium,low,,1,,
pos,Gram-positive,Anaeroben (behalve proprioni),Lactobacillus acidophilus / gasseri,1,positive,rods,anaerobes_excl_cutibacterium,anaerobes_excl_cutibacterium,low,1,1,lactobacillus in which group?,
pos,Gram-positive,viridans streptococcen (non-anginosus),Streptococcus gallolyticus ssp gallolyticus,1,positive,cocci,viridans,viridans,high,,1,,
pos,Gram-negative,chromosomaal AmpC-producers,Citrobacter sedlakii,1,negative,rods,enterobacterales,enterobacterales,high,,1,,
pos,Gram-positive,Anaeroben (behalve proprioni),Peptoniphilus asaccharolyticus,1,positive,cocci,anaerobes_excl_cutibacterium,anaerobes_excl_cutibacterium,low,,1,,
pos,Gram-positive,Anaeroben (behalve proprioni),Peptoniphilus harei,1,positive,cocci,anaerobes_excl_cutibacterium,anaerobes_excl_cutibacterium,low,,1,,
pos,Gram-positive,Anaeroben (behalve proprioni),Peptoniphilus indolicus,1,positive,cocci,anaerobes_excl_cutibacterium,anaerobes_excl_cutibacterium,low,,1,,
pos,Gram-negative,HACEK group,Aggregatibacter segnis,1,negative,coccobacillus,hacek_or_nutrient_variant_streptococci,hacek_or_nutrient_variant_streptococci,medium,,1,,
pos,Gram-positive,viridans streptococcen (non-anginosus),Streptococcus cricetus,1,positive,cocci,viridans,viridans,high,,1,,
pos,Gram-positive,Bacillus-achtigen,Bacillus licheniformis,1,positive,rods,coryneform_or_cutibacterium_or_bacillus_like,coryneform_or_cutibacterium_or_bacillus_like,low,,1,,
pos,Gram-positive,Kweek beschouwen als negatief,Micrococcus species,1,positive,cocci,negative,negative,none,,1,,
pos,Gram-positive,Bacillus-achtigen,Bacillus mycoides,1,positive,rods,coryneform_or_cutibacterium_or_bacillus_like,coryneform_or_cutibacterium_or_bacillus_like,low,,1,,
pos,Gram-negative,chromosomaal AmpC-producers,Providencia alcalifaciens,1,negative,rods,enterobacterales,enterobacterales,high,,1,,
pos,Gram-negative,Anaeroben (behalve proprioni),Prevotella timonensis,1,negative,rods,anaerobes_excl_cutibacterium,anaerobes_excl_cutibacterium,low,,1,,
pos,Gram-positive,coagulase-negatieve staphylococcen,Staphylococcus arlettae,1,positive,cocci,cns,cns,low,,1,,
pos,Gram-positive,Bacillus-achtigen,Bacillus subtilis/amyliquefaciens/vallismortis,1,positive,rods,coryneform_or_cutibacterium_or_bacillus_like,coryneform_or_cutibacterium_or_bacillus_like,low,,1,,
pos,Gram-negative,Anaeroben (behalve proprioni),Prevotella baroniae,1,negative,rods,anaerobes_excl_cutibacterium,anaerobes_excl_cutibacterium,low,,1,,
pos,Gram-negative,Anaeroben (behalve proprioni),Prevotella,1,negative,rods,anaerobes_excl_cutibacterium,anaerobes_excl_cutibacterium,low,,1,,
pos,Gram-positive,Coryneforme bacterieen,Microbacterium paraoxydans,1,positive,rods,coryneform_or_cutibacterium_or_bacillus_like,coryneform_or_cutibacterium_or_bacillus_like,low,,1,,
pos,Gram-negative,chromosomaal AmpC-producers,Citrobacter youngae,1,negative,rods,enterobacterales,enterobacterales,high,,1,,
pos,Gram-positive,Anaeroben (behalve proprioni),Clostridium paraputrificum,1,positive,rods,anaerobes_excl_cutibacterium,anaerobes_excl_cutibacterium,low,,1,,
pos,Gram-negative,groep1 enterobacterales,Kluyvera georgiana,1,negative,rods,enterobacterales,enterobacterales,high,,1,,
pos,Gram-positive,Anaeroben (behalve proprioni),Clostridium cadaveris,1,positive,rods,anaerobes_excl_cutibacterium,anaerobes_excl_cutibacterium,low,,1,,
pos,Gram-negative,groep1 enterobacterales,Kluyvera intermedia,1,negative,rods,enterobacterales,enterobacterales,high,,1,,
pos,Gram-negative,groep1 enterobacterales,Obesumbacterium proteus,1,negative,rods,enterobacterales,enterobacterales,medium,,1,,
pos,Gram-negative,groep1 enterobacterales,Pantoea ananatis,1,negative,rods,enterobacterales,enterobacterales,high,,1,,
pos,Gram-negative,groep1 enterobacterales,Proteus hauseri,1,negative,rods,enterobacterales,enterobacterales,high,,1,,
pos,Gram-negative,groep1 enterobacterales,Proteus vulgaris groep,1,negative,rods,enterobacterales,enterobacterales,high,,1,,
pos,Gram-negative,groep1 enterobacterales,Proteus vulgaris/hauseri,1,negative,rods,enterobacterales,enterobacterales,high,,1,,
pos,Gram-negative,groep1 enterobacterales,Raoultella planticola,1,negative,rods,enterobacterales,enterobacterales,high,,1,,
pos,Gram-negative,groep1 enterobacterales,Yersinia enterocolitica,1,negative,rods,enterobacterales,enterobacterales,high,,1,,
pos,Gram-negative,groep1 enterobacterales,Escherichia species,1,negative,rods,enterobacterales,enterobacterales,high,,1,,
pos,Gram-negative,non-fermentersClassic,Comamonas aquatica,1,negative,rods,non_fermenters,non_fermenters,medium,,1,,
pos,Gram-negative,Anaeroben (behalve proprioni),Bacteroides cellulosilyticus,1,negative,rods,anaerobes_excl_cutibacterium,anaerobes_excl_cutibacterium,low,,1,,
pos,Gram-negative,non-fermentersClassic,Shewanella algae,1,negative,rods,non_fermenters,non_fermenters,medium,,1,,
pos,Gram-negative,groep1 enterobacterales,Citrobacter farmeri,1,negative,rods,enterobacterales,enterobacterales,high,,1,,
pos,Gram-negative,non-fermentersNethmap,Pseudomonas fragi,1,negative,rods,non_fermenters,non_fermenters,medium,,1,,
pos,Gram-negative,groep1 enterobacterales,Citrobacter amalonaticus,1,negative,rods,enterobacterales,enterobacterales,high,,1,,
pos,Gram-negative,non-fermentersNethmap,Pseudomonas mosselii,1,negative,rods,non_fermenters,non_fermenters,medium,,1,,
pos,Gram-negative,non-fermentersNethmap,Pseudomonas nitroreducens,1,negative,rods,non_fermenters,non_fermenters,medium,,1,,
pos,Gram-negative,non-fermentersNethmap,Pseudomonas veronii,1,negative,rods,non_fermenters,non_fermenters,medium,,1,,
pos,Gram-negative,groep1 enterobacterales,Buttiauxella agrestis,1,negative,rods,enterobacterales,enterobacterales,high,,1,,
pos,Gram-positive,Anaeroben (behalve proprioni),Anaerococcus tetradius,1,positive,cocci,anaerobes_excl_cutibacterium,anaerobes_excl_cutibacterium,low,,1,,
pos,Gram-positive,Anaeroben (behalve proprioni),Bifidobacterium scardovii,1,positive,rods,anaerobes_excl_cutibacterium,anaerobes_excl_cutibacterium,low,,1,,
neg,Gram-positive,viridans streptococcen (non-anginosus),Streptococcus mitis/oralis,1,positive,cocci,viridans,viridans,high,0,2,,
neg,Gram-negative,"Moraxella & Neisseria (niet M.cat, N.men, N.gon)",Neisseria flava/perflava/subflava,1,negative,cocci,moraxella_neisseria_non,moraxella_neisseria_non,medium,0,2,,
neg,,Candida,Candida glabrata,1,other,other,candida,candida,other,0,2,,
pos,Gram-negative,Acinetobacter en Aeromonas,Acinetobacter bereziniae,1,negative,coccobacillus,acinetobacter_and_aeromonas,acinetobacter_and_aeromonas,medium,,1,,
pos,Gram-negative,Acinetobacter en Aeromonas,Acinetobacter calcoaceticus,1,negative,coccobacillus,acinetobacter_and_aeromonas,acinetobacter_and_aeromonas,medium,,1,,
pos,Gram-negative,Acinetobacter en Aeromonas,Acinetobacter dijkshoorniae,2,negative,coccobacillus,acinetobacter_and_aeromonas,acinetobacter_and_aeromonas,medium,,1,,
pos,Gram-negative,Acinetobacter en Aeromonas,Acinetobacter gyllenbergii,1,negative,coccobacillus,acinetobacter_and_aeromonas,acinetobacter_and_aeromonas,medium,,1,,
pos,Gram-negative,Acinetobacter en Aeromonas,Acinetobacter parvus,1,negative,coccobacillus,acinetobacter_and_aeromonas,acinetobacter_and_aeromonas,medium,,1,,
pos,Gram-negative,Acinetobacter en Aeromonas,Acinetobacter pittii,2,negative,coccobacillus,acinetobacter_and_aeromonas,acinetobacter_and_aeromonas,medium,,1,,
pos,Gram-negative,Acinetobacter en Aeromonas,Acinetobacter radioresistens,6,negative,coccobacillus,acinetobacter_and_aeromonas,acinetobacter_and_aeromonas,medium,0,2,,
pos,Gram-negative,Acinetobacter en Aeromonas,Acinetobacter schindleri,1,negative,coccobacillus,acinetobacter_and_aeromonas,acinetobacter_and_aeromonas,medium,,1,,
pos,Gram-negative,Acinetobacter en Aeromonas,Aeromonas encheleia,1,negative,rods,acinetobacter_and_aeromonas,acinetobacter_and_aeromonas,medium,,1,,
pos,Gram-negative,Acinetobacter en Aeromonas,Aeromonas sobria,2,negative,rods,acinetobacter_and_aeromonas,acinetobacter_and_aeromonas,medium,,1,,
pos,Gram-negative,HACEK-groep,Aggregatibacter actinomycetemcomitans,8,negative,coccobacillus,hacek_or_nutrient_variant_streptococci,hacek_or_nutrient_variant_streptococci,medium,,1,,
pos,Gram-negative,HACEK-groep,Cardiobacterium hominis,7,negative,rods,hacek_or_nutrient_variant_streptococci,hacek_or_nutrient_variant_streptococci,medium,,1,,
pos,Gram-negative,"Moraxella & Neisseria (niet M.cat, N.men, N.gon)",Neisseria cinerea,1,negative,cocci,moraxella_neisseria_non,moraxella_neisseria_non,medium,,1,,
pos,Gram-negative,"Moraxella & Neisseria (niet M.cat, N.men, N.gon)",Neisseria species,4,negative,cocci,moraxella_neisseria_non,moraxella_neisseria_non,medium,,1,,
pos,Gram-negative,"Moraxella & Neisseria (niet Mcat, Nmen, Ngon)",Moraxella species,7,negative,coccobacillus,moraxella_neisseria_non,moraxella_neisseria_non,medium,,1,,
pos,Gram-negative,anaeroben (behalve Cutibacterium),Bacteroides caccae,6,negative,rods,anaerobes_excl_cutibacterium,anaerobes_excl_cutibacterium,low,,1,,
pos,Gram-negative,anaeroben (behalve Cutibacterium),Bacteroides stercoris,3,negative,rods,anaerobes_excl_cutibacterium,anaerobes_excl_cutibacterium,low,,1,,
pos,Gram-negative,chromosomaal AmpC-producers,Enterobacter asburiae,4,negative,rods,enterobacterales,enterobacterales,high,,1,,
pos,Gram-negative,chromosomaal AmpC-producers,Klebsiella aerogenes (voorheen Enterobacter aeroge,29,negative,rods,enterobacterales,enterobacterales,high,,1,,
pos,Gram-negative,chromosomaal AmpC-producers,Morganella morganii ssp morganii,73,negative,rods,enterobacterales,enterobacterales,high,,1,,
pos,Gram-negative,chromosomaal AmpC-producers,Serratia plymuthica,1,negative,rods,enterobacterales,enterobacterales,high,,1,,
pos,Gram-negative,chromosomaal AmpC-producers,Serratia ureilytica,1,negative,rods,enterobacterales,enterobacterales,high,,1,,
pos,Gram-negative,groep1 enterobacterales,Cronobacter sakazakii,2,negative,rods,enterobacterales,enterobacterales,high,,1,,
pos,Gram-negative,groep1 enterobacterales,Escherichia vulneris,3,negative,rods,enterobacterales,enterobacterales,high,,1,,
pos,Gram-negative,groep1 enterobacterales,Klebsiella pneumoniae/variicola,32,negative,rods,enterobacterales,enterobacterales,high,,1,,
pos,Gram-negative,groep1 enterobacterales,Lelliottia species,1,negative,rods,enterobacterales,enterobacterales,high,,1,,
pos,Gram-negative,non-fermentersClassic,Achromobacter insolitus,1,negative,rods,non_fermenters,non_fermenters,medium,,1,,
pos,Gram-negative,non-fermentersClassic,Cupriavidus species,2,negative,rods,non_fermenters,non_fermenters,medium,,1,,
pos,Gram-negative,non-fermentersClassic,Elizabethkingia meningoseptica,9,negative,rods,non_fermenters,non_fermenters,medium,,1,,
pos,Gram-negative,non-fermentersClassic,Oligella urethralis,2,negative,rods,non_fermenters,non_fermenters,medium,,1,,
pos,Gram-negative,non-fermentersClassic,Rhizobium rhizogenes,1,negative,rods,non_fermenters,non_fermenters,medium,,1,,
pos,Gram-negative,non-fermentersClassic,Rhizobium species,4,negative,rods,non_fermenters,non_fermenters,medium,,1,,
pos,Gram-negative,non-fermentersClassic,Roseomonas mucosa,2,negative,coccobacillus,non_fermenters,non_fermenters,medium,,1,,
pos,Gram-negative,non-fermentersClassic,Sphingobacterium species,4,negative,rods,non_fermenters,non_fermenters,medium,,1,,
pos,Gram-negative,non-fermentersClassic,Wautersiella falsenii,1,negative,rods,non_fermenters,non_fermenters,medium,,1,,
pos,Gram-negative,non-fermentersClassic,Weeksella virosa,4,negative,rods,non_fermenters,non_fermenters,medium,,1,,
pos,Gram-negative,non-fermentersVolgensNethmap,Pseudomonas alcaligenes,1,negative,rods,non_fermenters,non_fermenters,medium,,1,,
pos,Gram-negative,non-fermentersVolgensNethmap,Pseudomonas putida groep,2,negative,rods,non_fermenters,non_fermenters,medium,,1,,
pos,Gram-negative,rest: niet ingedeeld,Burkholderia contaminans,1,negative,rods,other,other,other,,1,,
pos,Gram-negative,rest: niet ingedeeld,Burkholderia multivorans,34,negative,rods,other,other,other,,1,,
pos,Gram-negative,rest: niet ingedeeld,Campylobacter jejuni,1,negative,rods,other,other,other,0,2,,
pos,Gram-negative,rest: niet ingedeeld,Campylobacter species,4,negative,rods,other,other,other,,1,,
pos,Gram-negative,rest: niet ingedeeld,Capnocytophaga species,2,negative,rods,other,other,other,,1,,
pos,Gram-negative,rest: niet ingedeeld,Legionella longbeachae,1,negative,rods,other,other,other,,1,,
pos,Gram-negative,rest: niet ingedeeld,Legionella pneumophila,3,negative,rods,other,other,other,,1,,
pos,Gram-negative,rest: niet ingedeeld,Legionella species,1,negative,rods,other,other,other,,1,,
pos,Gram-negative,rest: niet ingedeeld,Paracoccus species,1,negative,cocci,other,other,other,,1,,
pos,Gram-negative,rest: niet ingedeeld,Pasteurella species,1,negative,coccobacillus,other,other,other,,1,,
pos,Gram-negative,rest: niet ingedeeld,Sphingobium yanoikuyae (voorheen Sphingomonas yano,1,negative,rods,other,other,other,,1,,
pos,Gram-negative,rest: niet ingedeeld,Vibrio species,1,negative,rods,other,other,other,,1,,
pos,Gram-negative,,Acinetobacter radioresistens,1,negative,coccobacillus,acinetobacter_and_aeromonas,acinetobacter_and_aeromonas,medium,0,2,,
pos,Gram-negative,,Aerobe en anaerobe Grampositieve en Gramnegatieve mengflora,13,other,other,other,other,other,1,1,other?,
pos,Gram-negative,,Alistipes species,1,negative,rods,other,other,other,1,1,other?,
pos,Gram-negative,,Campylobacter jejuni,3,negative,rods,other,other,other,0,2,,
pos,Gram-negative,,Neisseria elongata,3,negative,rods,moraxella_neisseria_non,moraxella_neisseria_non,medium,,1,,
pos,Gram-negative,,Neisseria flava/perflava/subflava,1,negative,cocci,moraxella_neisseria_non,moraxella_neisseria_non,medium,0,2,,
pos,Gram-negative,,Neisseria mucosa/sicca,1,negative,cocci,moraxella_neisseria_non,moraxella_neisseria_non,medium,,1,,
pos,Gram-negative,,Parabacteroides merdae,2,negative,rods,other,other,other,1,1,other?,
pos,Gram-negative,,Parabacteroides species,1,negative,rods,other,other,other,1,1,other?,
pos,Gram-positive,Cutibacterium,Cutibacterium acnes,2,positive,rods,coryneform_or_cutibacterium_or_bacillus_like,coryneform_or_cutibacterium_or_bacillus_like,low,,1,,
pos,Gram-positive,Cutibacterium,Propionibacterium species,7,positive,rods,coryneform_or_cutibacterium_or_bacillus_like,coryneform_or_cutibacterium_or_bacillus_like,low,,1,,
pos,Gram-positive,Enterococ en Aerococ,Enterococcus gallinarum,9,positive,cocci,entercoc_aerococ,entercoc_aerococ,medium,0,2,,
pos,Gram-positive,Enterococ en Aerococ,Enterococcus hirae,11,positive,cocci,entercoc_aerococ,entercoc_aerococ,medium,0,2,,
pos,Gram-positive,anaeroben (behalve Cutibacterium),Clostridium symbiosum,1,positive,rods,anaerobes_excl_cutibacterium,anaerobes_excl_cutibacterium,low,,1,,
pos,Gram-positive,anaeroben (behalve Cutibacterium),Eubacterium limosum,1,positive,rods,anaerobes_excl_cutibacterium,anaerobes_excl_cutibacterium,low,,1,,
pos,Gram-positive,bacillus-achtigen,Paenibacillus glucanolyticus,1,positive,rods,coryneform_or_cutibacterium_or_bacillus_like,coryneform_or_cutibacterium_or_bacillus_like,low,,1,,
pos,Gram-positive,bacillus-achtigen,Paenibacillus species,3,positive,rods,coryneform_or_cutibacterium_or_bacillus_like,coryneform_or_cutibacterium_or_bacillus_like,low,,1,,
pos,Gram-positive,coagulase-negatieve staphylococcen,Coagulase Negatieve Stafylokok.,4,positive,cocci,cns,cns,low,,1,,
pos,Gram-positive,coagulase-negatieve staphylococcen,Coagulase Negative Staphylococcus,1,positive,cocci,cns,cns,low,,1,,
pos,Gram-positive,coagulase-negatieve staphylococcen,"Staphylococcus argenteus, behoort tot S.aureus com",5,positive,cocci,cns,hospital_pathogens,high,,1,,
pos,Gram-positive,coagulase-negatieve staphylococcen,Staphylococcus condimenti,2,positive,cocci,cns,cns,low,,1,,
pos,Gram-positive,coagulase-negatieve staphylococcen,Staphylococcus petrasii,4,positive,cocci,cns,cns,low,,1,,
pos,Gram-positive,coagulase-negatieve staphylococcen,"Staphylococcus schweitzeri, behoort tot S.aureus c",1,positive,cocci,cns,cns,low,,1,,
pos,Gram-positive,coagulase-negatieve staphylococcen,Staphylococcus succinus,1,positive,cocci,cns,cns,low,,1,,
pos,Gram-positive,coagulase-negatieve staphylococcen,Staphylococcus xylosus,1,positive,cocci,cns,cns,low,,1,,
pos,Gram-positive,coryneforme bacterieen,Corynebacterium pseudodiphtheriticum,1,positive,rods,coryneform_or_cutibacterium_or_bacillus_like,coryneform_or_cutibacterium_or_bacillus_like,low,,1,,
pos,Gram-positive,coryneforme bacterieen,Kocuria kristinae,1,positive,cocci,coryneform_or_cutibacterium_or_bacillus_like,coryneform_or_cutibacterium_or_bacillus_like,low,,1,,
pos,Gram-positive,coryneforme bacterieen,Microbacterium aurum,2,positive,rods,coryneform_or_cutibacterium_or_bacillus_like,coryneform_or_cutibacterium_or_bacillus_like,low,,1,,
pos,Gram-positive,coryneforme bacterieen,Rothia species,1,positive,rods,coryneform_or_cutibacterium_or_bacillus_like,coryneform_or_cutibacterium_or_bacillus_like,low,,1,,
pos,Gram-positive,coryneforme bacterieen,Turicella otitidis,1,positive,rods,coryneform_or_cutibacterium_or_bacillus_like,coryneform_or_cutibacterium_or_bacillus_like,low,,1,,
pos,Gram-positive,hemolytische streptococcen,Streptococcus dysgalactiae (groep C),27,positive,cocci,other,other,other,,1,,
pos,Gram-positive,nutrient variant streptococcen,Abiotrophia / Granulicatella,2,positive,cocci,hacek_or_nutrient_variant_streptococci,hacek_or_nutrient_variant_streptococci,medium,,1,,
pos,Gram-positive,rest: niet ingedeeld,Actinobaculum,4,positive,rods,other,other,other,,1,,
pos,Gram-positive,rest: niet ingedeeld,Actinomyces naeslundii,1,positive,rods,other,other,other,,1,,
pos,Gram-positive,rest: niet ingedeeld,Actinomyces oris,1,positive,rods,other,other,other,,1,,
pos,Gram-positive,rest: niet ingedeeld,Actinotignum schaalii/sanguinis,3,positive,rods,other,other,other,,1,,
pos,Gram-positive,rest: niet ingedeeld,Atopobium parvulum,2,positive,rods,other,other,other,0,2,,
pos,Gram-positive,rest: niet ingedeeld,Clostridium hathewayi,1,positive,rods,other,other,other,,1,,
pos,Gram-positive,rest: niet ingedeeld,Gardnerella vaginalis,2,variable,rods,other,other,other,0,2,,
pos,Gram-positive,rest: niet ingedeeld,Kocuria rhizophila,1,positive,cocci,other,other,other,,1,,
pos,Gram-positive,rest: niet ingedeeld,Kocuria species,2,positive,cocci,other,other,other,,1,,
pos,Gram-positive,rest: niet ingedeeld,Lactobacillus fermentum,2,positive,rods,other,other,other,1,2,lactobacillus in which group?,
pos,Gram-positive,rest: niet ingedeeld,Lactobacillus plantarum,1,positive,rods,other,other,other,1,2,lactobacillus in which group?,
pos,Gram-positive,rest: niet ingedeeld,Mycobacterium avium,2,positive,rods,other,other,other,,1,,
pos,Gram-positive,rest: niet ingedeeld,Mycobacterium avium (MAC) complex,1,positive,rods,other,other,other,,1,,
pos,Gram-positive,rest: niet ingedeeld,Mycobacterium species,10,positive,rods,other,other,other,0,2,,
pos,Gram-positive,rest: niet ingedeeld,Mycobacterium tuberculosis complex,7,positive,rods,other,other,other,,1,,
pos,Gram-positive,rest: niet ingedeeld,Pediococcus acidilactici,1,positive,cocci,other,other,other,,1,,
pos,Gram-positive,rest: niet ingedeeld,Staphylococcus sciuri,1,positive,cocci,other,other,other,,1,,
pos,Gram-positive,viridans streptococcen (anginosus-groep),Streptococcus anginosus groep (voorheen S. milleri,1,positive,cocci,viridans,viridans,high,,1,,
pos,Gram-positive,viridans streptococcen (anginosus-groep),Streptococcus milleri groep,34,positive,cocci,viridans,viridans,high,,1,,
pos,Gram-positive,viridans streptococcen (non-anginosus),Streptococcus bovis groep,6,positive,cocci,viridans,viridans,high,,1,,
pos,Gram-positive,viridans streptococcen (non-anginosus),Streptococcus gallolyticus spp pasteurianus (bovis,5,positive,cocci,viridans,viridans,high,,1,,
pos,Gram-positive,viridans streptococcen (non-anginosus),Streptococcus infantarius ssp coli (bovis groep),6,positive,cocci,viridans,viridans,high,,1,,
pos,Gram-positive,viridans streptococcen (non-anginosus),Streptococcus salivarius ssp salivarius/ssp thermo,20,positive,cocci,viridans,viridans,high,,1,,
pos,Gram-positive,viridans streptococcen (non-anginosus),Streptococcus sanguis,31,positive,cocci,viridans,viridans,high,,1,,
pos,Gram-positive,viridans streptococcen (non-anginosus),Streptococcus species,5,positive,cocci,viridans,viridans,high,,1,,
pos,Gram-positive,viridans streptococcen (non-anginosus),Streptococcus zooepidemicus,1,positive,cocci,viridans,viridans,high,,1,,
pos,Gram-positive,,Actinomyces europaeus,1,positive,rods,other,other,other,,1,,
pos,Gram-positive,,Actinomyces funkei,1,positive,rods,other,other,other,,1,,
pos,Gram-positive,,Actinomyces radingae,2,positive,rods,other,other,other,,1,,
pos,Gram-positive,,Actinomyces species,4,positive,rods,other,other,other,,1,,
pos,Gram-positive,,Actinomyces urogenitalis,6,positive,rods,other,other,other,,1,,
pos,Gram-positive,,Atopobium parvulum,1,positive,rods,other,other,other,0,2,,
pos,Gram-positive,,Clostridium bifermentans,2,positive,rods,anaerobes_excl_cutibacterium,anaerobes_excl_cutibacterium,low,,1,,
pos,Gram-positive,,Clostridium clostridioforme,2,positive,rods,anaerobes_excl_cutibacterium,anaerobes_excl_cutibacterium,low,,1,,
pos,Gram-positive,,Clostridium sordellii,1,positive,rods,anaerobes_excl_cutibacterium,anaerobes_excl_cutibacterium,low,,1,,
pos,Gram-positive,,Enterococcus durans,5,positive,cocci,entercoc_aerococ,entercoc_aerococ,medium,,1,,
pos,Gram-positive,,Enterococcus gallinarum,9,positive,cocci,entercoc_aerococ,entercoc_aerococ,medium,0,2,,
pos,Gram-positive,,Enterococcus hirae,4,positive,cocci,entercoc_aerococ,entercoc_aerococ,medium,0,2,,
pos,Gram-positive,,Gardnerella vaginalis,6,variable,rods,other,other,other,0,2,,
pos,Gram-positive,,Gemella morbillorum,1,positive,cocci,other,other,other,,1,,
pos,Gram-positive,,Gemella sanguinis,1,positive,cocci,other,other,other,,1,,
pos,Gram-positive,,Kytococcus sedentarius,1,positive,cocci,other,other,other,1,1,other?,
pos,Gram-positive,,Lactobacillus fermentum,9,positive,rods,other,other,other,1,2,lactobacillus in which group?,
pos,Gram-positive,,Lactobacillus plantarum,1,positive,rods,other,other,other,1,2,lactobacillus in which group?,
pos,Gram-positive,,Lactococcus garvieae,4,positive,cocci,other,other,other,1,1,other?,
pos,Gram-positive,,Listeria species,1,positive,rods,hospital_pathogens,community_pathogens,high,,1,,
pos,Gram-positive,,Mycobacterium species,3,positive,rods,other,other,other,0,2,,
pos,Gram-positive,,Mycoplasma hominis,2,positive,rods,other,other,other,1,1,other?,
pos,Gram-positive,,Robinsoniella peoriensis,7,positive,rods,other,other,other,1,1,other?,
pos,Gram-positive,,stam,3,positive,other,other,other,other,1,1,other?,Streptomyces ambofaciens
pos,,Candida,Candida auris,4,other,other,candida,candida,other,,1,,
pos,,Coryneforme bacterieen,gps,1,positive,rods,coryneform_or_cutibacterium_or_bacillus_like,coryneform_or_cutibacterium_or_bacillus_like,low,,1,,
pos,,rest: niet ingedeeld,Aspergillus fumigatus,136,other,other,other,other,other,,1,,
pos,,rest: niet ingedeeld,Aspergillus niger,7,other,other,other,other,other,,1,,
pos,,rest: niet ingedeeld,Aspergillus species,9,other,other,other,other,other,,1,,
pos,,rest: niet ingedeeld,Lodderomyces elongisporus,1,other,other,other,other,other,,1,,
pos,,rest: niet ingedeeld,Penicillium species,1,other,other,other,other,other,,1,,
pos,,rest: niet ingedeeld,Scedosporium species,1,other,other,other,other,other,,1,,
pos,,rest: niet ingedeeld,Schimmel,8,other,other,other,other,other,0,2,,
pos,,rest: niet ingedeeld,gns,1,negative,rods,other,other,other,,1,,
pos,,rest: niet ingedeeld,kiemgetal,57,drop,drop,drop,drop,drop,0,2,,
pos,,,Candida guilliermondii complex,3,other,other,candida,candida,other,,1,,
pos,,,Candida pelliculosa,3,other,other,candida,candida,other,,1,,
pos,,,Cryptococcus albidus,1,other,other,other,other,other,,1,,
pos,,,Geotrichum candidum,3,other,other,other,other,other,1,1,,
pos,,,Geotrichum candidum/klebahnii,4,other,other,other,other,other,1,1,,
pos,,,Geotrichum capitatum,1,other,other,other,other,other,1,1,,
pos,,,Kloeckera apiculata,1,other,other,other,other,other,1,1,,
pos,,,Rhodotorula glutinis,1,other,other,other,other,other,1,1,,
pos,,,Saccharomyces species,2,other,other,other,other,other,1,1,,
pos,,,Trichosporon inkin,1,other,other,other,other,other,1,1,,
pos,,,"Uitslag anaerobe kweek volgt. Let op, dit is een voorlopige uitslag.",1,drop,drop,drop,drop,drop,1,1,,
pos,,,Verdacht_voor Enterococcus Kiestra,1,positive,cocci,other,other,other,1,1,,
pos,,,reinzetten GPC,1,drop,drop,drop,drop,drop,1,1,,
pos,,,reinzetten Stapholykok,1,drop,drop,drop,drop,drop,1,1,,
,,,,,,,,,,,0,,
,,,,,,,,,,,0,,